{"cameraMode":{"drawMode":0,"name":"Shaded","section":"Shading Mode"},"sceneLighting":false,"audioPlay":false,"sceneViewState":{"showFog":true,"showMaterialUpdate":false,"showSkybox":false,"showFlares":true,"showImageEffects":true,"showParticleSystems":true},"in2DMode":false,"pivot":{"x":1.010627269744873,"y":2.1180900944273163e-7,"z":-0.28452175855636599},"rotation":{"x":-0.193751260638237,"y":0.45497190952301028,"z":-0.10212837904691696,"w":-0.8631516695022583},"size":2.800143003463745,"orthographic":true}