{"cameraMode":{"drawMode":0,"name":"Shaded","section":"Shading Mode"},"sceneLighting":true,"audioPlay":false,"sceneViewState":{"showFog":true,"showMaterialUpdate":false,"showSkybox":true,"showFlares":true,"showImageEffects":true,"showParticleSystems":true},"in2DMode":false,"pivot":{"x":5.790050506591797,"y":9.777966499328614,"z":-81.37347412109375},"rotation":{"x":-0.21558789908885957,"y":0.06701609492301941,"z":-0.014831882901489735,"w":-0.9740691781044006},"size":44.710594177246097,"orthographic":false}