{"cameraMode":{"drawMode":0,"name":"Shaded","section":"Shading Mode"},"sceneLighting":false,"audioPlay":false,"sceneViewState":{"showFog":true,"showMaterialUpdate":false,"showSkybox":false,"showFlares":true,"showImageEffects":true,"showParticleSystems":true},"in2DMode":false,"pivot":{"x":-2.6908187866210939,"y":0.8306050300598145,"z":3.306398868560791},"rotation":{"x":-0.193751260638237,"y":0.45497190952301028,"z":-0.10212837904691696,"w":-0.8631516695022583},"size":22.0,"orthographic":true}