{"cameraMode":{"drawMode":0,"name":"Shaded","section":"Shading Mode"},"sceneLighting":false,"audioPlay":false,"sceneViewState":{"showFog":true,"showMaterialUpdate":false,"showSkybox":false,"showFlares":true,"showImageEffects":true,"showParticleSystems":true},"in2DMode":false,"pivot":{"x":-1.1920928955078126e-7,"y":0.5000001192092896,"z":2.384185791015625e-7},"rotation":{"x":-0.15113969147205354,"y":0.46977195143699648,"z":-0.08199986070394516,"w":-0.8658794164657593},"size":10.817269325256348,"orthographic":true}