{"cameraMode":{"drawMode":0,"name":"Shaded","section":"Shading Mode"},"sceneLighting":true,"audioPlay":false,"sceneViewState":{"showFog":true,"showMaterialUpdate":false,"showSkybox":true,"showFlares":true,"showImageEffects":true,"showParticleSystems":true},"in2DMode":false,"pivot":{"x":-4.380338668823242,"y":14.36296272277832,"z":-12.741560935974121},"rotation":{"x":-0.15113969147205354,"y":0.46977195143699648,"z":-0.08199986070394516,"w":-0.8658794164657593},"size":44.532188415527347,"orthographic":true}